{
  "signed": {
    "_type": "root",
    "spec_version": "1.0.0",
    "consistent_snapshot": true,
    "version": 1,
    "expires": "2025-10-01T20:33:49Z",
    "keys": {
      "e941de780fabc74966c33bd306e0d9aafb7e099d25ec174e7c5f3314f4c66390": {
        "keytype": "ed25519",
        "keyval": {
          "public": "6cd18ca6c1cae7fc37daac187591ff05e56cb262b342516c9cfb9a887c76872d"
        },
        "scheme": "ed25519"
      }
    },
    "roles": {
      "root": {
        "keyids": [
          "e941de780fabc74966c33bd306e0d9aafb7e099d25ec174e7c5f3314f4c66390"
        ],
        "threshold": 1
      },
      "timestamp": {
        "keyids": [
          "e941de780fabc74966c33bd306e0d9aafb7e099d25ec174e7c5f3314f4c66390"
        ],
        "threshold": 1
      },
      "targets": {
        "keyids": [
          "e941de780fabc74966c33bd306e0d9aafb7e099d25ec174e7c5f3314f4c66390"
        ],
        "threshold": 1
      },
      "snapshot": {
        "keyids": [
          "e941de780fabc74966c33bd306e0d9aafb7e099d25ec174e7c5f3314f4c66390"
        ],
        "threshold": 1
      }
    }
  },
  "signatures": [
    {
      "keyid": "e941de780fabc74966c33bd306e0d9aafb7e099d25ec174e7c5f3314f4c66390",
      "sig": "5bdd4f6ffb87c614db34a5dc1045415eb396b391bd4937267e841511e293e63436211716f62234e80de373fe5e0f719e7e232cf571b07bd75f236d2806cb1802"
    }
  ]
}
