{
  "signed": {
    "_type": "targets",
    "spec_version": "1.0.0",
    "version": 1758746029,
    "expires": "2025-10-01T20:33:49Z",
    "targets": {
      "switch_sp-fake-switch-sp-1.0.0.tar.gz": {
        "length": 740,
        "hashes": {
          "sha256": "bf1bc1da5059f76182c3007c3049941f8898abede2f3765b106c6e7f7c42d44c"
        }
      },
      "gimlet_rot_bootloader-fake-rot-bootloader-1.0.0.tar.gz": {
        "length": 797,
        "hashes": {
          "sha256": "5b0f601b1fbb8674db9c751a02f8b14f8e6d4e8470f4f7b686fecb2c49ec11f9"
        }
      },
      "host-fake-host-1.0.0.tar.gz": {
        "length": 23760,
        "hashes": {
          "sha256": "0b93614f1b805e28f4082222e65352dd7fda9f896bfec99183d01d09954eb2a0"
        }
      },
      "psc_rot_bootloader-fake-psc-rot-bootloader-1.0.0.tar.gz": {
        "length": 805,
        "hashes": {
          "sha256": "18c9c774bfe4bb086e869509dcccacee8476fd87670692b765aee216f2c7f003"
        }
      },
      "switch_rot_bootloader-fake-switch-rot-bootloader-1.0.0.tar.gz": {
        "length": 804,
        "hashes": {
          "sha256": "70836d170abd5621f95bb4225987b27b3d3dd6168e73cd60e44309bdfeb94e98"
        }
      },
      "gimlet_rot-fake-rot-1.0.0.tar.gz": {
        "length": 863,
        "hashes": {
          "sha256": "d5387ad70a66228829147fbb443c90894054394f545d2b2af1ccf83af7c0055c"
        }
      },
      "gimlet_sp-fake-gimlet-sp-1.0.0.tar.gz": {
        "length": 732,
        "hashes": {
          "sha256": "68465b8e3f808f475510b525cfd62086d37ddd57688bd854184fdafb2b2198a4"
        }
      },
      "artifacts.json": {
        "length": 2163,
        "hashes": {
          "sha256": "ac2bf520a2a5761cead4625d403fff7a7c04f442770626d186f5cf3ee07c55d5"
        }
      },
      "installinator_document-1.0.0.json": {
        "length": 367,
        "hashes": {
          "sha256": "a6a636b5d57813578766b3f1c2559abf9af5d8c86187538167937c476beeefa3"
        }
      },
      "psc_rot-fake-psc-rot-1.0.0.tar.gz": {
        "length": 864,
        "hashes": {
          "sha256": "39faac82416bf15b016c87eb1ee5ab0f5c06829b645c69eb0ac46477f5900bd7"
        }
      },
      "trampoline-fake-trampoline-1.0.0.tar.gz": {
        "length": 23776,
        "hashes": {
          "sha256": "1163735aeea69f0b6964eb52f563944b726b88311e7707ff9a613a116461d47d"
        }
      },
      "psc_sp-fake-psc-sp-1.0.0.tar.gz": {
        "length": 721,
        "hashes": {
          "sha256": "89245fe2ac7e6a2ac8dfa4e7d6891a6e6df95e4141395c07c64026778f6d76d7"
        }
      },
      "control_plane-fake-control-plane-1.0.0.tar.gz": {
        "length": 1987,
        "hashes": {
          "sha256": "487ed5e627355dabbb27f93718030572fdaff123ad95930b75ae4a4c6fe23a3f"
        }
      },
      "switch_rot-fake-switch-rot-1.0.0.tar.gz": {
        "length": 852,
        "hashes": {
          "sha256": "bfa51e11bdc1dc1ed0f47260c945d3252e68cc8fe1b9e24de090f87a21edd96e"
        }
      }
    },
    "delegations": {
      "keys": {},
      "roles": []
    }
  },
  "signatures": [
    {
      "keyid": "e941de780fabc74966c33bd306e0d9aafb7e099d25ec174e7c5f3314f4c66390",
      "sig": "f46525afa4eff10e5a9f79b1c7c841fa13eed31a354461bb6d6d34483d5b679510eafbca5a8ed9c3e5e0e8d5f60a36b73af779d7dc67f23945ecbd91197d850e"
    }
  ]
}
