{
  "signed": {
    "_type": "snapshot",
    "spec_version": "1.0.0",
    "version": 1758746029,
    "expires": "2025-10-01T20:33:49Z",
    "meta": {
      "targets.json": {
        "length": 3286,
        "hashes": {
          "sha256": "520044aa56ef059b77526768f15d13194a085557bac3c53edbe5c282a30fc8bb"
        },
        "version": 1758746029
      }
    }
  },
  "signatures": [
    {
      "keyid": "e941de780fabc74966c33bd306e0d9aafb7e099d25ec174e7c5f3314f4c66390",
      "sig": "1576aae7461622ddf024e0ffa97474362033cbf06c795535594ede43c2d87c49d4223249cde01ab9241f9f948c8523be688b9f348993aa04208a4c039389c805"
    }
  ]
}
