{
  "signed": {
    "_type": "timestamp",
    "spec_version": "1.0.0",
    "version": 1758746029,
    "expires": "2025-10-01T20:33:49Z",
    "meta": {
      "snapshot.json": {
        "length": 628,
        "hashes": {
          "sha256": "c083a555ef2ac9d387d12b41e9f20eb736898cb3d2f37e8501602515b749f479"
        },
        "version": 1758746029
      }
    }
  },
  "signatures": [
    {
      "keyid": "e941de780fabc74966c33bd306e0d9aafb7e099d25ec174e7c5f3314f4c66390",
      "sig": "f8ae976ae4ff0fa2ca4c286366688f5e25415204e722887c54b1f005d8225ab189d9730c0cf275e271c17cd5fc40a89e7097ffdd19aed30f58b1ffd5542d5f0a"
    }
  ]
}
