{
  "system_version": "1.0.0",
  "artifacts": [
    {
      "name": "fake-gimlet-sp",
      "version": "1.0.0",
      "kind": "gimlet_sp",
      "target": "gimlet_sp-fake-gimlet-sp-1.0.0.tar.gz"
    },
    {
      "name": "fake-rot",
      "version": "1.0.0",
      "kind": "gimlet_rot",
      "target": "gimlet_rot-fake-rot-1.0.0.tar.gz"
    },
    {
      "name": "fake-rot-bootloader",
      "version": "1.0.0",
      "kind": "gimlet_rot_bootloader",
      "target": "gimlet_rot_bootloader-fake-rot-bootloader-1.0.0.tar.gz"
    },
    {
      "name": "fake-host",
      "version": "1.0.0",
      "kind": "host",
      "target": "host-fake-host-1.0.0.tar.gz"
    },
    {
      "name": "fake-trampoline",
      "version": "1.0.0",
      "kind": "trampoline",
      "target": "trampoline-fake-trampoline-1.0.0.tar.gz"
    },
    {
      "name": "fake-control-plane",
      "version": "1.0.0",
      "kind": "control_plane",
      "target": "control_plane-fake-control-plane-1.0.0.tar.gz"
    },
    {
      "name": "fake-psc-sp",
      "version": "1.0.0",
      "kind": "psc_sp",
      "target": "psc_sp-fake-psc-sp-1.0.0.tar.gz"
    },
    {
      "name": "fake-psc-rot",
      "version": "1.0.0",
      "kind": "psc_rot",
      "target": "psc_rot-fake-psc-rot-1.0.0.tar.gz"
    },
    {
      "name": "fake-psc-rot-bootloader",
      "version": "1.0.0",
      "kind": "psc_rot_bootloader",
      "target": "psc_rot_bootloader-fake-psc-rot-bootloader-1.0.0.tar.gz"
    },
    {
      "name": "fake-switch-sp",
      "version": "1.0.0",
      "kind": "switch_sp",
      "target": "switch_sp-fake-switch-sp-1.0.0.tar.gz"
    },
    {
      "name": "fake-switch-rot",
      "version": "1.0.0",
      "kind": "switch_rot",
      "target": "switch_rot-fake-switch-rot-1.0.0.tar.gz"
    },
    {
      "name": "fake-switch-rot-bootloader",
      "version": "1.0.0",
      "kind": "switch_rot_bootloader",
      "target": "switch_rot_bootloader-fake-switch-rot-bootloader-1.0.0.tar.gz"
    },
    {
      "name": "installinator_document",
      "version": "1.0.0",
      "kind": "installinator_document",
      "target": "installinator_document-1.0.0.json"
    }
  ]
}